Startort,Destination,Distans_km,Kortid_min,Genererad_Text,Sitemap_Rad
Eskilstuna,Eskilstuna Landsbygd,10.1,10,Avståndet mellan Eskilstuna och Eskilstuna Landsbygd är 10.1 km och Karl-Johan Gyllenstorm beräknade körtiden till cirka 10 minuter.,<url><loc>https://pendlings-app1.t-767929534-cloudflare.workers.dev/?fran=Eskilstuna&amp;till=Eskilstuna%20Landsbygd</loc><changefreq>monthly</changefreq></url>
Eskilstuna,Nyköping,74.4,56,Avståndet mellan Eskilstuna och Nyköping är 74.4 km och Karl-Johan Gyllenstorm beräknade körtiden till cirka 56 minuter.,<url><loc>https://pendlings-app1.t-767929534-cloudflare.workers.dev/?fran=Eskilstuna&amp;till=Nyköping</loc><changefreq>monthly</changefreq></url>
Eskilstuna,Nyköping Landsbygd,64.3,48,Avståndet mellan Eskilstuna och Nyköping Landsbygd är 64.3 km och Karl-Johan Gyllenstorm beräknade körtiden till cirka 48 minuter.,<url><loc>https://pendlings-app1.t-767929534-cloudflare.workers.dev/?fran=Eskilstuna&amp;till=Nyköping%20Landsbygd</loc><changefreq>monthly</changefreq></url>
Eskilstuna,Katrineholm,45.3,34,Avståndet mellan Eskilstuna och Katrineholm är 45.3 km och Karl-Johan Gyllenstorm beräknade körtiden till cirka 34 minuter.,<url><loc>https://pendlings-app1.t-767929534-cloudflare.workers.dev/?fran=Eskilstuna&amp;till=Katrineholm</loc><changefreq>monthly</changefreq></url>
Eskilstuna,Katrineholm Landsbygd,36.9,28,Avståndet mellan Eskilstuna och Katrineholm Landsbygd är 36.9 km och Karl-Johan Gyllenstorm beräknade körtiden till cirka 28 minuter.,<url><loc>https://pendlings-app1.t-767929534-cloudflare.workers.dev/?fran=Eskilstuna&amp;till=Katrineholm%20Landsbygd</loc><changefreq>monthly</changefreq></url>
Eskilstuna,Strängnäs,29.4,22,Avståndet mellan Eskilstuna och Strängnäs är 29.4 km och Karl-Johan Gyllenstorm beräknade körtiden till cirka 22 minuter.,<url><loc>https://pendlings-app1.t-767929534-cloudflare.workers.dev/?fran=Eskilstuna&amp;till=Strängnäs</loc><changefreq>monthly</changefreq></url>
Eskilstuna,Strängnäs Landsbygd,37,28,Avståndet mellan Eskilstuna och Strängnäs Landsbygd är 37.0 km och Karl-Johan Gyllenstorm beräknade körtiden till cirka 28 minuter.,<url><loc>https://pendlings-app1.t-767929534-cloudflare.workers.dev/?fran=Eskilstuna&amp;till=Strängnäs%20Landsbygd</loc><changefreq>monthly</changefreq></url>
Eskilstuna,Trosa,79.2,59,Avståndet mellan Eskilstuna och Trosa är 79.2 km och Karl-Johan Gyllenstorm beräknade körtiden till cirka 59 minuter.,<url><loc>https://pendlings-app1.t-767929534-cloudflare.workers.dev/?fran=Eskilstuna&amp;till=Trosa</loc><changefreq>monthly</changefreq></url>
Eskilstuna,Trosa Landsbygd,68.9,52,Avståndet mellan Eskilstuna och Trosa Landsbygd är 68.9 km och Karl-Johan Gyllenstorm beräknade körtiden till cirka 52 minuter.,<url><loc>https://pendlings-app1.t-767929534-cloudflare.workers.dev/?fran=Eskilstuna&amp;till=Trosa%20Landsbygd</loc><changefreq>monthly</changefreq></url>
Eskilstuna Landsbygd,Eskilstuna,10.1,10,Avståndet mellan Eskilstuna Landsbygd och Eskilstuna är 10.1 km och Karl-Johan Gyllenstorm beräknade körtiden till cirka 10 minuter.,<url><loc>https://pendlings-app1.t-767929534-cloudflare.workers.dev/?fran=Eskilstuna%20Landsbygd&amp;till=Eskilstuna</loc><changefreq>monthly</changefreq></url>
Eskilstuna Landsbygd,Nyköping,78,58,Avståndet mellan Eskilstuna Landsbygd och Nyköping är 78.0 km och Karl-Johan Gyllenstorm beräknade körtiden till cirka 58 minuter.,<url><loc>https://pendlings-app1.t-767929534-cloudflare.workers.dev/?fran=Eskilstuna%20Landsbygd&amp;till=Nyköping</loc><changefreq>monthly</changefreq></url>
Eskilstuna Landsbygd,Nyköping Landsbygd,68.8,52,Avståndet mellan Eskilstuna Landsbygd och Nyköping Landsbygd är 68.8 km och Karl-Johan Gyllenstorm beräknade körtiden till cirka 52 minuter.,<url><loc>https://pendlings-app1.t-767929534-cloudflare.workers.dev/?fran=Eskilstuna%20Landsbygd&amp;till=Nyköping%20Landsbygd</loc><changefreq>monthly</changefreq></url>
Eskilstuna Landsbygd,Katrineholm,54.5,41,Avståndet mellan Eskilstuna Landsbygd och Katrineholm är 54.5 km och Karl-Johan Gyllenstorm beräknade körtiden till cirka 41 minuter.,<url><loc>https://pendlings-app1.t-767929534-cloudflare.workers.dev/?fran=Eskilstuna%20Landsbygd&amp;till=Katrineholm</loc><changefreq>monthly</changefreq></url>
Eskilstuna Landsbygd,Katrineholm Landsbygd,45.6,34,Avståndet mellan Eskilstuna Landsbygd och Katrineholm Landsbygd är 45.6 km och Karl-Johan Gyllenstorm beräknade körtiden till cirka 34 minuter.,<url><loc>https://pendlings-app1.t-767929534-cloudflare.workers.dev/?fran=Eskilstuna%20Landsbygd&amp;till=Katrineholm%20Landsbygd</loc><changefreq>monthly</changefreq></url>
Eskilstuna Landsbygd,Strängnäs,22.4,17,Avståndet mellan Eskilstuna Landsbygd och Strängnäs är 22.4 km och Karl-Johan Gyllenstorm beräknade körtiden till cirka 17 minuter.,<url><loc>https://pendlings-app1.t-767929534-cloudflare.workers.dev/?fran=Eskilstuna%20Landsbygd&amp;till=Strängnäs</loc><changefreq>monthly</changefreq></url>
Eskilstuna Landsbygd,Strängnäs Landsbygd,31.8,24,Avståndet mellan Eskilstuna Landsbygd och Strängnäs Landsbygd är 31.8 km och Karl-Johan Gyllenstorm beräknade körtiden till cirka 24 minuter.,<url><loc>https://pendlings-app1.t-767929534-cloudflare.workers.dev/?fran=Eskilstuna%20Landsbygd&amp;till=Strängnäs%20Landsbygd</loc><changefreq>monthly</changefreq></url>
Eskilstuna Landsbygd,Trosa,78.3,59,Avståndet mellan Eskilstuna Landsbygd och Trosa är 78.3 km och Karl-Johan Gyllenstorm beräknade körtiden till cirka 59 minuter.,<url><loc>https://pendlings-app1.t-767929534-cloudflare.workers.dev/?fran=Eskilstuna%20Landsbygd&amp;till=Trosa</loc><changefreq>monthly</changefreq></url>
Eskilstuna Landsbygd,Trosa Landsbygd,68.4,51,Avståndet mellan Eskilstuna Landsbygd och Trosa Landsbygd är 68.4 km och Karl-Johan Gyllenstorm beräknade körtiden till cirka 51 minuter.,<url><loc>https://pendlings-app1.t-767929534-cloudflare.workers.dev/?fran=Eskilstuna%20Landsbygd&amp;till=Trosa%20Landsbygd</loc><changefreq>monthly</changefreq></url>
Nyköping,Eskilstuna,74.4,56,Avståndet mellan Nyköping och Eskilstuna är 74.4 km och Karl-Johan Gyllenstorm beräknade körtiden till cirka 56 minuter.,<url><loc>https://pendlings-app1.t-767929534-cloudflare.workers.dev/?fran=Nyköping&amp;till=Eskilstuna</loc><changefreq>monthly</changefreq></url>
Nyköping,Eskilstuna Landsbygd,78,58,Avståndet mellan Nyköping och Eskilstuna Landsbygd är 78.0 km och Karl-Johan Gyllenstorm beräknade körtiden till cirka 58 minuter.,<url><loc>https://pendlings-app1.t-767929534-cloudflare.workers.dev/?fran=Nyköping&amp;till=Eskilstuna%20Landsbygd</loc><changefreq>monthly</changefreq></url>
Nyköping,Nyköping Landsbygd,11.8,10,Avståndet mellan Nyköping och Nyköping Landsbygd är 11.8 km och Karl-Johan Gyllenstorm beräknade körtiden till cirka 10 minuter.,<url><loc>https://pendlings-app1.t-767929534-cloudflare.workers.dev/?fran=Nyköping&amp;till=Nyköping%20Landsbygd</loc><changefreq>monthly</changefreq></url>
Nyköping,Katrineholm,53.4,40,Avståndet mellan Nyköping och Katrineholm är 53.4 km och Karl-Johan Gyllenstorm beräknade körtiden till cirka 40 minuter.,<url><loc>https://pendlings-app1.t-767929534-cloudflare.workers.dev/?fran=Nyköping&amp;till=Katrineholm</loc><changefreq>monthly</changefreq></url>
Nyköping,Katrineholm Landsbygd,50.2,38,Avståndet mellan Nyköping och Katrineholm Landsbygd är 50.2 km och Karl-Johan Gyllenstorm beräknade körtiden till cirka 38 minuter.,<url><loc>https://pendlings-app1.t-767929534-cloudflare.workers.dev/?fran=Nyköping&amp;till=Katrineholm%20Landsbygd</loc><changefreq>monthly</changefreq></url>
Nyköping,Strängnäs,69.4,52,Avståndet mellan Nyköping och Strängnäs är 69.4 km och Karl-Johan Gyllenstorm beräknade körtiden till cirka 52 minuter.,<url><loc>https://pendlings-app1.t-767929534-cloudflare.workers.dev/?fran=Nyköping&amp;till=Strängnäs</loc><changefreq>monthly</changefreq></url>
Nyköping,Strängnäs Landsbygd,61.4,46,Avståndet mellan Nyköping och Strängnäs Landsbygd är 61.4 km och Karl-Johan Gyllenstorm beräknade körtiden till cirka 46 minuter.,<url><loc>https://pendlings-app1.t-767929534-cloudflare.workers.dev/?fran=Nyköping&amp;till=Strängnäs%20Landsbygd</loc><changefreq>monthly</changefreq></url>
Nyköping,Trosa,35.1,26,Avståndet mellan Nyköping och Trosa är 35.1 km och Karl-Johan Gyllenstorm beräknade körtiden till cirka 26 minuter.,<url><loc>https://pendlings-app1.t-767929534-cloudflare.workers.dev/?fran=Nyköping&amp;till=Trosa</loc><changefreq>monthly</changefreq></url>
Nyköping,Trosa Landsbygd,31.4,24,Avståndet mellan Nyköping och Trosa Landsbygd är 31.4 km och Karl-Johan Gyllenstorm beräknade körtiden till cirka 24 minuter.,<url><loc>https://pendlings-app1.t-767929534-cloudflare.workers.dev/?fran=Nyköping&amp;till=Trosa%20Landsbygd</loc><changefreq>monthly</changefreq></url>
Nyköping Landsbygd,Eskilstuna,64.3,48,Avståndet mellan Nyköping Landsbygd och Eskilstuna är 64.3 km och Karl-Johan Gyllenstorm beräknade körtiden till cirka 48 minuter.,<url><loc>https://pendlings-app1.t-767929534-cloudflare.workers.dev/?fran=Nyköping%20Landsbygd&amp;till=Eskilstuna</loc><changefreq>monthly</changefreq></url>
Nyköping Landsbygd,Eskilstuna Landsbygd,68.8,52,Avståndet mellan Nyköping Landsbygd och Eskilstuna Landsbygd är 68.8 km och Karl-Johan Gyllenstorm beräknade körtiden till cirka 52 minuter.,<url><loc>https://pendlings-app1.t-767929534-cloudflare.workers.dev/?fran=Nyköping%20Landsbygd&amp;till=Eskilstuna%20Landsbygd</loc><changefreq>monthly</changefreq></url>
Nyköping Landsbygd,Nyköping,11.8,10,Avståndet mellan Nyköping Landsbygd och Nyköping är 11.8 km och Karl-Johan Gyllenstorm beräknade körtiden till cirka 10 minuter.,<url><loc>https://pendlings-app1.t-767929534-cloudflare.workers.dev/?fran=Nyköping%20Landsbygd&amp;till=Nyköping</loc><changefreq>monthly</changefreq></url>
Nyköping Landsbygd,Katrineholm,41.8,31,Avståndet mellan Nyköping Landsbygd och Katrineholm är 41.8 km och Karl-Johan Gyllenstorm beräknade körtiden till cirka 31 minuter.,<url><loc>https://pendlings-app1.t-767929534-cloudflare.workers.dev/?fran=Nyköping%20Landsbygd&amp;till=Katrineholm</loc><changefreq>monthly</changefreq></url>
Nyköping Landsbygd,Katrineholm Landsbygd,38.4,29,Avståndet mellan Nyköping Landsbygd och Katrineholm Landsbygd är 38.4 km och Karl-Johan Gyllenstorm beräknade körtiden till cirka 29 minuter.,<url><loc>https://pendlings-app1.t-767929534-cloudflare.workers.dev/?fran=Nyköping%20Landsbygd&amp;till=Katrineholm%20Landsbygd</loc><changefreq>monthly</changefreq></url>
Nyköping Landsbygd,Strängnäs,62.8,47,Avståndet mellan Nyköping Landsbygd och Strängnäs är 62.8 km och Karl-Johan Gyllenstorm beräknade körtiden till cirka 47 minuter.,<url><loc>https://pendlings-app1.t-767929534-cloudflare.workers.dev/?fran=Nyköping%20Landsbygd&amp;till=Strängnäs</loc><changefreq>monthly</changefreq></url>
Nyköping Landsbygd,Strängnäs Landsbygd,56.1,42,Avståndet mellan Nyköping Landsbygd och Strängnäs Landsbygd är 56.1 km och Karl-Johan Gyllenstorm beräknade körtiden till cirka 42 minuter.,<url><loc>https://pendlings-app1.t-767929534-cloudflare.workers.dev/?fran=Nyköping%20Landsbygd&amp;till=Strängnäs%20Landsbygd</loc><changefreq>monthly</changefreq></url>
Nyköping Landsbygd,Trosa,41.2,31,Avståndet mellan Nyköping Landsbygd och Trosa är 41.2 km och Karl-Johan Gyllenstorm beräknade körtiden till cirka 31 minuter.,<url><loc>https://pendlings-app1.t-767929534-cloudflare.workers.dev/?fran=Nyköping%20Landsbygd&amp;till=Trosa</loc><changefreq>monthly</changefreq></url>
Nyköping Landsbygd,Trosa Landsbygd,34.8,26,Avståndet mellan Nyköping Landsbygd och Trosa Landsbygd är 34.8 km och Karl-Johan Gyllenstorm beräknade körtiden till cirka 26 minuter.,<url><loc>https://pendlings-app1.t-767929534-cloudflare.workers.dev/?fran=Nyköping%20Landsbygd&amp;till=Trosa%20Landsbygd</loc><changefreq>monthly</changefreq></url>
Katrineholm,Eskilstuna,45.3,34,Avståndet mellan Katrineholm och Eskilstuna är 45.3 km och Karl-Johan Gyllenstorm beräknade körtiden till cirka 34 minuter.,<url><loc>https://pendlings-app1.t-767929534-cloudflare.workers.dev/?fran=Katrineholm&amp;till=Eskilstuna</loc><changefreq>monthly</changefreq></url>
Katrineholm,Eskilstuna Landsbygd,54.5,41,Avståndet mellan Katrineholm och Eskilstuna Landsbygd är 54.5 km och Karl-Johan Gyllenstorm beräknade körtiden till cirka 41 minuter.,<url><loc>https://pendlings-app1.t-767929534-cloudflare.workers.dev/?fran=Katrineholm&amp;till=Eskilstuna%20Landsbygd</loc><changefreq>monthly</changefreq></url>
Katrineholm,Nyköping,53.4,40,Avståndet mellan Katrineholm och Nyköping är 53.4 km och Karl-Johan Gyllenstorm beräknade körtiden till cirka 40 minuter.,<url><loc>https://pendlings-app1.t-767929534-cloudflare.workers.dev/?fran=Katrineholm&amp;till=Nyköping</loc><changefreq>monthly</changefreq></url>
Katrineholm,Nyköping Landsbygd,41.8,31,Avståndet mellan Katrineholm och Nyköping Landsbygd är 41.8 km och Karl-Johan Gyllenstorm beräknade körtiden till cirka 31 minuter.,<url><loc>https://pendlings-app1.t-767929534-cloudflare.workers.dev/?fran=Katrineholm&amp;till=Nyköping%20Landsbygd</loc><changefreq>monthly</changefreq></url>
Katrineholm,Katrineholm Landsbygd,10.2,10,Avståndet mellan Katrineholm och Katrineholm Landsbygd är 10.2 km och Karl-Johan Gyllenstorm beräknade körtiden till cirka 10 minuter.,<url><loc>https://pendlings-app1.t-767929534-cloudflare.workers.dev/?fran=Katrineholm&amp;till=Katrineholm%20Landsbygd</loc><changefreq>monthly</changefreq></url>
Katrineholm,Strängnäs,63.3,47,Avståndet mellan Katrineholm och Strängnäs är 63.3 km och Karl-Johan Gyllenstorm beräknade körtiden till cirka 47 minuter.,<url><loc>https://pendlings-app1.t-767929534-cloudflare.workers.dev/?fran=Katrineholm&amp;till=Strängnäs</loc><changefreq>monthly</changefreq></url>
Katrineholm,Strängnäs Landsbygd,63.5,48,Avståndet mellan Katrineholm och Strängnäs Landsbygd är 63.5 km och Karl-Johan Gyllenstorm beräknade körtiden till cirka 48 minuter.,<url><loc>https://pendlings-app1.t-767929534-cloudflare.workers.dev/?fran=Katrineholm&amp;till=Strängnäs%20Landsbygd</loc><changefreq>monthly</changefreq></url>
Katrineholm,Trosa,77.8,58,Avståndet mellan Katrineholm och Trosa är 77.8 km och Karl-Johan Gyllenstorm beräknade körtiden till cirka 58 minuter.,<url><loc>https://pendlings-app1.t-767929534-cloudflare.workers.dev/?fran=Katrineholm&amp;till=Trosa</loc><changefreq>monthly</changefreq></url>
Katrineholm,Trosa Landsbygd,68.6,51,Avståndet mellan Katrineholm och Trosa Landsbygd är 68.6 km och Karl-Johan Gyllenstorm beräknade körtiden till cirka 51 minuter.,<url><loc>https://pendlings-app1.t-767929534-cloudflare.workers.dev/?fran=Katrineholm&amp;till=Trosa%20Landsbygd</loc><changefreq>monthly</changefreq></url>
Katrineholm Landsbygd,Eskilstuna,36.9,28,Avståndet mellan Katrineholm Landsbygd och Eskilstuna är 36.9 km och Karl-Johan Gyllenstorm beräknade körtiden till cirka 28 minuter.,<url><loc>https://pendlings-app1.t-767929534-cloudflare.workers.dev/?fran=Katrineholm%20Landsbygd&amp;till=Eskilstuna</loc><changefreq>monthly</changefreq></url>
Katrineholm Landsbygd,Eskilstuna Landsbygd,45.6,34,Avståndet mellan Katrineholm Landsbygd och Eskilstuna Landsbygd är 45.6 km och Karl-Johan Gyllenstorm beräknade körtiden till cirka 34 minuter.,<url><loc>https://pendlings-app1.t-767929534-cloudflare.workers.dev/?fran=Katrineholm%20Landsbygd&amp;till=Eskilstuna%20Landsbygd</loc><changefreq>monthly</changefreq></url>
Katrineholm Landsbygd,Nyköping,50.2,38,Avståndet mellan Katrineholm Landsbygd och Nyköping är 50.2 km och Karl-Johan Gyllenstorm beräknade körtiden till cirka 38 minuter.,<url><loc>https://pendlings-app1.t-767929534-cloudflare.workers.dev/?fran=Katrineholm%20Landsbygd&amp;till=Nyköping</loc><changefreq>monthly</changefreq></url>
Katrineholm Landsbygd,Nyköping Landsbygd,38.4,29,Avståndet mellan Katrineholm Landsbygd och Nyköping Landsbygd är 38.4 km och Karl-Johan Gyllenstorm beräknade körtiden till cirka 29 minuter.,<url><loc>https://pendlings-app1.t-767929534-cloudflare.workers.dev/?fran=Katrineholm%20Landsbygd&amp;till=Nyköping%20Landsbygd</loc><changefreq>monthly</changefreq></url>
Katrineholm Landsbygd,Katrineholm,10.2,10,Avståndet mellan Katrineholm Landsbygd och Katrineholm är 10.2 km och Karl-Johan Gyllenstorm beräknade körtiden till cirka 10 minuter.,<url><loc>https://pendlings-app1.t-767929534-cloudflare.workers.dev/?fran=Katrineholm%20Landsbygd&amp;till=Katrineholm</loc><changefreq>monthly</changefreq></url>
Katrineholm Landsbygd,Strängnäs,53.2,40,Avståndet mellan Katrineholm Landsbygd och Strängnäs är 53.2 km och Karl-Johan Gyllenstorm beräknade körtiden till cirka 40 minuter.,<url><loc>https://pendlings-app1.t-767929534-cloudflare.workers.dev/?fran=Katrineholm%20Landsbygd&amp;till=Strängnäs</loc><changefreq>monthly</changefreq></url>
Katrineholm Landsbygd,Strängnäs Landsbygd,53.4,40,Avståndet mellan Katrineholm Landsbygd och Strängnäs Landsbygd är 53.4 km och Karl-Johan Gyllenstorm beräknade körtiden till cirka 40 minuter.,<url><loc>https://pendlings-app1.t-767929534-cloudflare.workers.dev/?fran=Katrineholm%20Landsbygd&amp;till=Strängnäs%20Landsbygd</loc><changefreq>monthly</changefreq></url>
Katrineholm Landsbygd,Trosa,70.8,53,Avståndet mellan Katrineholm Landsbygd och Trosa är 70.8 km och Karl-Johan Gyllenstorm beräknade körtiden till cirka 53 minuter.,<url><loc>https://pendlings-app1.t-767929534-cloudflare.workers.dev/?fran=Katrineholm%20Landsbygd&amp;till=Trosa</loc><changefreq>monthly</changefreq></url>
Katrineholm Landsbygd,Trosa Landsbygd,61.2,46,Avståndet mellan Katrineholm Landsbygd och Trosa Landsbygd är 61.2 km och Karl-Johan Gyllenstorm beräknade körtiden till cirka 46 minuter.,<url><loc>https://pendlings-app1.t-767929534-cloudflare.workers.dev/?fran=Katrineholm%20Landsbygd&amp;till=Trosa%20Landsbygd</loc><changefreq>monthly</changefreq></url>
Strängnäs,Eskilstuna,29.4,22,Avståndet mellan Strängnäs och Eskilstuna är 29.4 km och Karl-Johan Gyllenstorm beräknade körtiden till cirka 22 minuter.,<url><loc>https://pendlings-app1.t-767929534-cloudflare.workers.dev/?fran=Strängnäs&amp;till=Eskilstuna</loc><changefreq>monthly</changefreq></url>
Strängnäs,Eskilstuna Landsbygd,22.4,17,Avståndet mellan Strängnäs och Eskilstuna Landsbygd är 22.4 km och Karl-Johan Gyllenstorm beräknade körtiden till cirka 17 minuter.,<url><loc>https://pendlings-app1.t-767929534-cloudflare.workers.dev/?fran=Strängnäs&amp;till=Eskilstuna%20Landsbygd</loc><changefreq>monthly</changefreq></url>
Strängnäs,Nyköping,69.4,52,Avståndet mellan Strängnäs och Nyköping är 69.4 km och Karl-Johan Gyllenstorm beräknade körtiden till cirka 52 minuter.,<url><loc>https://pendlings-app1.t-767929534-cloudflare.workers.dev/?fran=Strängnäs&amp;till=Nyköping</loc><changefreq>monthly</changefreq></url>
Strängnäs,Nyköping Landsbygd,62.8,47,Avståndet mellan Strängnäs och Nyköping Landsbygd är 62.8 km och Karl-Johan Gyllenstorm beräknade körtiden till cirka 47 minuter.,<url><loc>https://pendlings-app1.t-767929534-cloudflare.workers.dev/?fran=Strängnäs&amp;till=Nyköping%20Landsbygd</loc><changefreq>monthly</changefreq></url>
Strängnäs,Katrineholm,63.3,47,Avståndet mellan Strängnäs och Katrineholm är 63.3 km och Karl-Johan Gyllenstorm beräknade körtiden till cirka 47 minuter.,<url><loc>https://pendlings-app1.t-767929534-cloudflare.workers.dev/?fran=Strängnäs&amp;till=Katrineholm</loc><changefreq>monthly</changefreq></url>
Strängnäs,Katrineholm Landsbygd,53.2,40,Avståndet mellan Strängnäs och Katrineholm Landsbygd är 53.2 km och Karl-Johan Gyllenstorm beräknade körtiden till cirka 40 minuter.,<url><loc>https://pendlings-app1.t-767929534-cloudflare.workers.dev/?fran=Strängnäs&amp;till=Katrineholm%20Landsbygd</loc><changefreq>monthly</changefreq></url>
Strängnäs,Strängnäs Landsbygd,10.9,10,Avståndet mellan Strängnäs och Strängnäs Landsbygd är 10.9 km och Karl-Johan Gyllenstorm beräknade körtiden till cirka 10 minuter.,<url><loc>https://pendlings-app1.t-767929534-cloudflare.workers.dev/?fran=Strängnäs&amp;till=Strängnäs%20Landsbygd</loc><changefreq>monthly</changefreq></url>
Strängnäs,Trosa,61,46,Avståndet mellan Strängnäs och Trosa är 61.0 km och Karl-Johan Gyllenstorm beräknade körtiden till cirka 46 minuter.,<url><loc>https://pendlings-app1.t-767929534-cloudflare.workers.dev/?fran=Strängnäs&amp;till=Trosa</loc><changefreq>monthly</changefreq></url>
Strängnäs,Trosa Landsbygd,52,39,Avståndet mellan Strängnäs och Trosa Landsbygd är 52.0 km och Karl-Johan Gyllenstorm beräknade körtiden till cirka 39 minuter.,<url><loc>https://pendlings-app1.t-767929534-cloudflare.workers.dev/?fran=Strängnäs&amp;till=Trosa%20Landsbygd</loc><changefreq>monthly</changefreq></url>
Strängnäs Landsbygd,Eskilstuna,37,28,Avståndet mellan Strängnäs Landsbygd och Eskilstuna är 37.0 km och Karl-Johan Gyllenstorm beräknade körtiden till cirka 28 minuter.,<url><loc>https://pendlings-app1.t-767929534-cloudflare.workers.dev/?fran=Strängnäs%20Landsbygd&amp;till=Eskilstuna</loc><changefreq>monthly</changefreq></url>
Strängnäs Landsbygd,Eskilstuna Landsbygd,31.8,24,Avståndet mellan Strängnäs Landsbygd och Eskilstuna Landsbygd är 31.8 km och Karl-Johan Gyllenstorm beräknade körtiden till cirka 24 minuter.,<url><loc>https://pendlings-app1.t-767929534-cloudflare.workers.dev/?fran=Strängnäs%20Landsbygd&amp;till=Eskilstuna%20Landsbygd</loc><changefreq>monthly</changefreq></url>
Strängnäs Landsbygd,Nyköping,61.4,46,Avståndet mellan Strängnäs Landsbygd och Nyköping är 61.4 km och Karl-Johan Gyllenstorm beräknade körtiden till cirka 46 minuter.,<url><loc>https://pendlings-app1.t-767929534-cloudflare.workers.dev/?fran=Strängnäs%20Landsbygd&amp;till=Nyköping</loc><changefreq>monthly</changefreq></url>
Strängnäs Landsbygd,Nyköping Landsbygd,56.1,42,Avståndet mellan Strängnäs Landsbygd och Nyköping Landsbygd är 56.1 km och Karl-Johan Gyllenstorm beräknade körtiden till cirka 42 minuter.,<url><loc>https://pendlings-app1.t-767929534-cloudflare.workers.dev/?fran=Strängnäs%20Landsbygd&amp;till=Nyköping%20Landsbygd</loc><changefreq>monthly</changefreq></url>
Strängnäs Landsbygd,Katrineholm,63.5,48,Avståndet mellan Strängnäs Landsbygd och Katrineholm är 63.5 km och Karl-Johan Gyllenstorm beräknade körtiden till cirka 48 minuter.,<url><loc>https://pendlings-app1.t-767929534-cloudflare.workers.dev/?fran=Strängnäs%20Landsbygd&amp;till=Katrineholm</loc><changefreq>monthly</changefreq></url>
Strängnäs Landsbygd,Katrineholm Landsbygd,53.4,40,Avståndet mellan Strängnäs Landsbygd och Katrineholm Landsbygd är 53.4 km och Karl-Johan Gyllenstorm beräknade körtiden till cirka 40 minuter.,<url><loc>https://pendlings-app1.t-767929534-cloudflare.workers.dev/?fran=Strängnäs%20Landsbygd&amp;till=Katrineholm%20Landsbygd</loc><changefreq>monthly</changefreq></url>
Strängnäs Landsbygd,Strängnäs,10.9,10,Avståndet mellan Strängnäs Landsbygd och Strängnäs är 10.9 km och Karl-Johan Gyllenstorm beräknade körtiden till cirka 10 minuter.,<url><loc>https://pendlings-app1.t-767929534-cloudflare.workers.dev/?fran=Strängnäs%20Landsbygd&amp;till=Strängnäs</loc><changefreq>monthly</changefreq></url>
Strängnäs Landsbygd,Trosa,50.2,38,Avståndet mellan Strängnäs Landsbygd och Trosa är 50.2 km och Karl-Johan Gyllenstorm beräknade körtiden till cirka 38 minuter.,<url><loc>https://pendlings-app1.t-767929534-cloudflare.workers.dev/?fran=Strängnäs%20Landsbygd&amp;till=Trosa</loc><changefreq>monthly</changefreq></url>
Strängnäs Landsbygd,Trosa Landsbygd,41.5,31,Avståndet mellan Strängnäs Landsbygd och Trosa Landsbygd är 41.5 km och Karl-Johan Gyllenstorm beräknade körtiden till cirka 31 minuter.,<url><loc>https://pendlings-app1.t-767929534-cloudflare.workers.dev/?fran=Strängnäs%20Landsbygd&amp;till=Trosa%20Landsbygd</loc><changefreq>monthly</changefreq></url>
Trosa,Eskilstuna,79.2,59,Avståndet mellan Trosa och Eskilstuna är 79.2 km och Karl-Johan Gyllenstorm beräknade körtiden till cirka 59 minuter.,<url><loc>https://pendlings-app1.t-767929534-cloudflare.workers.dev/?fran=Trosa&amp;till=Eskilstuna</loc><changefreq>monthly</changefreq></url>
Trosa,Eskilstuna Landsbygd,78.3,59,Avståndet mellan Trosa och Eskilstuna Landsbygd är 78.3 km och Karl-Johan Gyllenstorm beräknade körtiden till cirka 59 minuter.,<url><loc>https://pendlings-app1.t-767929534-cloudflare.workers.dev/?fran=Trosa&amp;till=Eskilstuna%20Landsbygd</loc><changefreq>monthly</changefreq></url>
Trosa,Nyköping,35.1,26,Avståndet mellan Trosa och Nyköping är 35.1 km och Karl-Johan Gyllenstorm beräknade körtiden till cirka 26 minuter.,<url><loc>https://pendlings-app1.t-767929534-cloudflare.workers.dev/?fran=Trosa&amp;till=Nyköping</loc><changefreq>monthly</changefreq></url>
Trosa,Nyköping Landsbygd,41.2,31,Avståndet mellan Trosa och Nyköping Landsbygd är 41.2 km och Karl-Johan Gyllenstorm beräknade körtiden till cirka 31 minuter.,<url><loc>https://pendlings-app1.t-767929534-cloudflare.workers.dev/?fran=Trosa&amp;till=Nyköping%20Landsbygd</loc><changefreq>monthly</changefreq></url>
Trosa,Katrineholm,77.8,58,Avståndet mellan Trosa och Katrineholm är 77.8 km och Karl-Johan Gyllenstorm beräknade körtiden till cirka 58 minuter.,<url><loc>https://pendlings-app1.t-767929534-cloudflare.workers.dev/?fran=Trosa&amp;till=Katrineholm</loc><changefreq>monthly</changefreq></url>
Trosa,Katrineholm Landsbygd,70.8,53,Avståndet mellan Trosa och Katrineholm Landsbygd är 70.8 km och Karl-Johan Gyllenstorm beräknade körtiden till cirka 53 minuter.,<url><loc>https://pendlings-app1.t-767929534-cloudflare.workers.dev/?fran=Trosa&amp;till=Katrineholm%20Landsbygd</loc><changefreq>monthly</changefreq></url>
Trosa,Strängnäs,61,46,Avståndet mellan Trosa och Strängnäs är 61.0 km och Karl-Johan Gyllenstorm beräknade körtiden till cirka 46 minuter.,<url><loc>https://pendlings-app1.t-767929534-cloudflare.workers.dev/?fran=Trosa&amp;till=Strängnäs</loc><changefreq>monthly</changefreq></url>
Trosa,Strängnäs Landsbygd,50.2,38,Avståndet mellan Trosa och Strängnäs Landsbygd är 50.2 km och Karl-Johan Gyllenstorm beräknade körtiden till cirka 38 minuter.,<url><loc>https://pendlings-app1.t-767929534-cloudflare.workers.dev/?fran=Trosa&amp;till=Strängnäs%20Landsbygd</loc><changefreq>monthly</changefreq></url>
Trosa,Trosa Landsbygd,10.4,10,Avståndet mellan Trosa och Trosa Landsbygd är 10.4 km och Karl-Johan Gyllenstorm beräknade körtiden till cirka 10 minuter.,<url><loc>https://pendlings-app1.t-767929534-cloudflare.workers.dev/?fran=Trosa&amp;till=Trosa%20Landsbygd</loc><changefreq>monthly</changefreq></url>
Trosa Landsbygd,Eskilstuna,68.9,52,Avståndet mellan Trosa Landsbygd och Eskilstuna är 68.9 km och Karl-Johan Gyllenstorm beräknade körtiden till cirka 52 minuter.,<url><loc>https://pendlings-app1.t-767929534-cloudflare.workers.dev/?fran=Trosa%20Landsbygd&amp;till=Eskilstuna</loc><changefreq>monthly</changefreq></url>
Trosa Landsbygd,Eskilstuna Landsbygd,68.4,51,Avståndet mellan Trosa Landsbygd och Eskilstuna Landsbygd är 68.4 km och Karl-Johan Gyllenstorm beräknade körtiden till cirka 51 minuter.,<url><loc>https://pendlings-app1.t-767929534-cloudflare.workers.dev/?fran=Trosa%20Landsbygd&amp;till=Eskilstuna%20Landsbygd</loc><changefreq>monthly</changefreq></url>
Trosa Landsbygd,Nyköping,31.4,24,Avståndet mellan Trosa Landsbygd och Nyköping är 31.4 km och Karl-Johan Gyllenstorm beräknade körtiden till cirka 24 minuter.,<url><loc>https://pendlings-app1.t-767929534-cloudflare.workers.dev/?fran=Trosa%20Landsbygd&amp;till=Nyköping</loc><changefreq>monthly</changefreq></url>
Trosa Landsbygd,Nyköping Landsbygd,34.8,26,Avståndet mellan Trosa Landsbygd och Nyköping Landsbygd är 34.8 km och Karl-Johan Gyllenstorm beräknade körtiden till cirka 26 minuter.,<url><loc>https://pendlings-app1.t-767929534-cloudflare.workers.dev/?fran=Trosa%20Landsbygd&amp;till=Nyköping%20Landsbygd</loc><changefreq>monthly</changefreq></url>
Trosa Landsbygd,Katrineholm,68.6,51,Avståndet mellan Trosa Landsbygd och Katrineholm är 68.6 km och Karl-Johan Gyllenstorm beräknade körtiden till cirka 51 minuter.,<url><loc>https://pendlings-app1.t-767929534-cloudflare.workers.dev/?fran=Trosa%20Landsbygd&amp;till=Katrineholm</loc><changefreq>monthly</changefreq></url>
Trosa Landsbygd,Katrineholm Landsbygd,61.2,46,Avståndet mellan Trosa Landsbygd och Katrineholm Landsbygd är 61.2 km och Karl-Johan Gyllenstorm beräknade körtiden till cirka 46 minuter.,<url><loc>https://pendlings-app1.t-767929534-cloudflare.workers.dev/?fran=Trosa%20Landsbygd&amp;till=Katrineholm%20Landsbygd</loc><changefreq>monthly</changefreq></url>
Trosa Landsbygd,Strängnäs,52,39,Avståndet mellan Trosa Landsbygd och Strängnäs är 52.0 km och Karl-Johan Gyllenstorm beräknade körtiden till cirka 39 minuter.,<url><loc>https://pendlings-app1.t-767929534-cloudflare.workers.dev/?fran=Trosa%20Landsbygd&amp;till=Strängnäs</loc><changefreq>monthly</changefreq></url>
Trosa Landsbygd,Strängnäs Landsbygd,41.5,31,Avståndet mellan Trosa Landsbygd och Strängnäs Landsbygd är 41.5 km och Karl-Johan Gyllenstorm beräknade körtiden till cirka 31 minuter.,<url><loc>https://pendlings-app1.t-767929534-cloudflare.workers.dev/?fran=Trosa%20Landsbygd&amp;till=Strängnäs%20Landsbygd</loc><changefreq>monthly</changefreq></url>
Trosa Landsbygd,Trosa,10.4,10,Avståndet mellan Trosa Landsbygd och Trosa är 10.4 km och Karl-Johan Gyllenstorm beräknade körtiden till cirka 10 minuter.,<url><loc>https://pendlings-app1.t-767929534-cloudflare.workers.dev/?fran=Trosa%20Landsbygd&amp;till=Trosa</loc><changefreq>monthly</changefreq></url>